{
  "best_metric": null,
  "best_model_checkpoint": null,
  "epoch": 0.09666505558240696,
  "eval_steps": 500,
  "global_step": 1000,
  "is_hyper_param_search": false,
  "is_local_process_zero": true,
  "is_world_process_zero": true,
  "log_history": [
    {
      "epoch": 0.04833252779120348,
      "grad_norm": 1.510177493095398,
      "learning_rate": 1.9677783148058642e-07,
      "logits/chosen": 0.00035744759952649474,
      "logits/rejected": 0.00037470899405889213,
      "logps/chosen": -3248.2587890625,
      "logps/rejected": -2560.581787109375,
      "loss": 0.693,
      "rewards/accuracies": 0.6150000095367432,
      "rewards/chosen": 0.001390756224282086,
      "rewards/margins": 0.0002838659274857491,
      "rewards/rejected": 0.0011068902676925063,
      "step": 500
    },
    {
      "epoch": 0.09666505558240696,
      "grad_norm": 1.2730121612548828,
      "learning_rate": 1.9355566296117284e-07,
      "logits/chosen": 0.0003811155038420111,
      "logits/rejected": 0.0003348864265717566,
      "logps/chosen": -3286.341064453125,
      "logps/rejected": -2499.927001953125,
      "loss": 0.6927,
      "rewards/accuracies": 0.6629999876022339,
      "rewards/chosen": 0.004462511278688908,
      "rewards/margins": 0.000980821205303073,
      "rewards/rejected": 0.003481689840555191,
      "step": 1000
    }
  ],
  "logging_steps": 500,
  "max_steps": 31035,
  "num_input_tokens_seen": 0,
  "num_train_epochs": 3,
  "save_steps": 500,
  "stateful_callbacks": {
    "TrainerControl": {
      "args": {
        "should_epoch_stop": false,
        "should_evaluate": false,
        "should_log": false,
        "should_save": true,
        "should_training_stop": false
      },
      "attributes": {}
    }
  },
  "total_flos": 0.0,
  "train_batch_size": 2,
  "trial_name": null,
  "trial_params": null
}
